state,2010,2011,2012,2013,2014,2015,2016,2017,2018,2019,2020,2021,2022,2023,2024,2025
AL,4785437,4799069,4815588,4830081,4841799,4852347,4863525,4874486,4887681,4903185,5032962,5050058,5076868,5117850,5163055,5193088
AK,713910,722128,730443,737068,736283,737498,741456,739700,735139,731545,732906,734590,733659,734654,736537,737270
AZ,6407172,6472643,6554978,6632764,6730413,6829676,6941072,7044008,7158024,7278717,7186647,7274022,7370065,7452073,7556424,7623818
AR,2921964,2940667,2952164,2959400,2967392,2978048,2989918,3001345,3009733,3017804,3014399,3027127,3047429,3069856,3096080,3114791
CA,37319502,37638369,37948800,38260787,38596972,38918045,39167117,39358497,39461588,39512223,39527808,39152927,39125347,39181667,39364774,39355309
CO,5047349,5121108,5192647,5269035,5350101,5450623,5539215,5611885,5691287,5758736,5786873,5814368,5853355,5912240,5988502,6012561
CT,3579114,3588283,3594547,3594841,3594524,3587122,3578141,3573297,3571520,3565287,3579643,3607765,3618707,3641369,3674449,3688496
DE,899593,907381,915179,923576,932487,941252,948921,956823,965479,973764,991890,1005130,1020279,1035354,1050123,1059952
DC,605226,619800,634924,650581,662328,675400,685815,694906,701547,705749,670958,669637,674501,682559,691310,693645
FL,18845537,19053237,19297822,19545621,19845911,20209042,20613477,20963613,21244317,21477737,21591325,21836698,22413989,22929248,23265838,23462518
GA,9711881,9802431,9901430,9972479,10067278,10178447,10301890,10410330,10511131,10617423,10732595,10793038,10929992,11063669,11204208,11302748
HI,1363963,1379329,1394804,1408243,1414538,1422052,1427559,1424393,1420593,1415872,1451130,1446909,1437812,1434950,1434952,1432820
ID,1570746,1583910,1595324,1611206,1631112,1651059,1682380,1717715,1750536,1787065,1849328,1904855,1942951,1970497,2000872,2029733
IL,12840503,12867454,12882510,12895129,12884493,12858913,12820527,12778828,12723071,12671821,12795348,12703354,12609577,12633389,12703033,12719141
IN,6490432,6516528,6537703,6568713,6593644,6608422,6634304,6658078,6695497,6732219,6790290,6814223,6841491,6881373,6934754,6973333
IA,3050745,3066336,3076190,3092997,3109350,3120960,3131371,3141550,3148618,3155070,3191081,3199037,3201890,3214739,3230454,3238387
KS,2858190,2869225,2885257,2893212,2900475,2909011,2910844,2908718,2911359,2913314,2938274,2938966,2938034,2949749,2965252,2977220
KY,4348181,4369821,4386346,4404659,4414349,4425976,4438182,4452268,4461153,4467673,4508271,4508348,4521238,4549953,4584046,4606864
LA,4544532,4575625,4600972,4624527,4644013,4664628,4678135,4670560,4659690,4648794,4652145,4628595,4600892,4598777,4614878,4618189
ME,1327629,1328284,1327729,1328009,1330513,1328262,1331317,1334612,1339057,1344212,1364546,1379009,1391585,1401992,1408438,1414874
MD,5788645,5839419,5886992,5923188,5957283,5985562,6003323,6023868,6035802,6045680,6178387,6176035,6183257,6204927,6245314,6265347
MA,6566307,6613583,6663005,6713315,6762596,6794228,6823608,6859789,6882635,6892503,6985320,6996721,7025465,7073479,7138560,7154084
MI,9877510,9882412,9897145,9913065,9929848,9931715,9950571,9973114,9984072,9986857,10072294,10042362,10043906,10062124,10099962,10127884
MN,5310828,5346143,5376643,5413479,5451079,5482032,5522744,5566230,5606249,5639632,5710562,5714055,5727565,5752998,5797405,5830405
MS,2970548,2978731,2983816,2988711,2990468,2988471,2987938,2988510,2981020,2976149,2958385,2947603,2941237,2942470,2950172,2954160
MO,5995974,6010275,6024367,6040715,6056202,6071732,6087135,6106670,6121623,6137428,6155074,6172551,6179285,6205956,6243544,6270541
MT,990697,997316,1003783,1013569,1021869,1030475,1040859,1052482,1060665,1068778,1087156,1106416,1121533,1130612,1137557,1144694
NE,1829542,1840672,1853303,1865279,1879321,1891277,1905616,1915947,1925614,1934408,1963318,1964697,1972595,1988172,2005591,2018006
NV,2702405,2712730,2743996,2775970,2817628,2866939,2917563,2969905,3027341,3080156,3116851,3148472,3177672,3211077,3253543,3282188
NH,1316762,1320202,1324232,1326622,1333341,1336350,1342307,1348787,1353465,1359711,1378752,1387907,1396647,1401530,1408518,1415342
NJ,8799446,8828117,8844942,8856972,8864525,8867949,8870827,8885525,8886025,8882190,9270476,9266509,9298402,9395315,9506354,9548215
NM,2064552,2080450,2087309,2092273,2089568,2089291,2091630,2091784,2092741,2096829,2118446,2117300,2112859,2119349,2126774,2125498
NY,19399878,19499241,19572932,19624447,19651049,19654666,19633428,19589572,19530351,19453561,20122262,19835345,19713025,19786543,20001419,20002427
NC,9574323,9657592,9749476,9843336,9932887,10031646,10154788,10268233,10381615,10488084,10450215,10565503,10705768,10871849,11052061,11197968
ND,674715,685225,701176,722036,737401,754066,754434,754942,758080,762062,779612,777977,780191,787071,793387,799358
OH,11539336,11544663,11548923,11576684,11602700,11617527,11634370,11659650,11676341,11689100,11798534,11761443,11764950,11808390,11860621,11900510
OK,3759944,3788379,3818814,3853214,3878187,3909500,3926331,3931316,3940235,3956971,3965243,3992760,4025327,4062716,4097758,4123288
OR,3837491,3872036,3899001,3922468,3963244,4015792,4089976,4143625,4181886,4217737,4243544,4254691,4245964,4250392,4265324,4273586
PA,12711160,12745815,12767118,12776309,12788313,12784826,12782275,12787641,12800922,12801989,12995576,13016628,12984655,13009406,13045848,13059432
RI,1053959,1053649,1054621,1055081,1055936,1056065,1056770,1055673,1058287,1059361,1096487,1097381,1098275,1101183,1110415,1114521
SC,4635649,4671994,4717354,4764080,4823617,4891938,4957968,5021268,5084156,5148714,5131992,5194346,5288957,5390798,5490316,5570274
SD,816166,823579,833566,842316,849129,853988,862996,872868,878698,884659,887808,896303,909156,917739,927110,935094
TN,6355311,6399291,6453898,6494340,6541223,6591170,6646010,6708799,6771631,6829174,6927736,6966687,7063325,7153029,7251291,7315076
TX,25241971,25645629,26084481,26480266,26964333,27470056,27914410,28295273,28628666,28995881,29237895,29572672,30118002,30719247,31318578,31709821
UT,2775332,2814384,2853375,2897640,2936879,2981835,3041868,3101042,3153550,3205958,3283970,3339874,3393928,3449259,3502983,3538904
VT,625879,627049,626090,626210,625214,625216,623657,624344,624358,623989,642965,647238,647614,647722,646521,644663
VA,8023699,8101155,8185080,8252427,8310993,8361808,8410106,8463587,8501286,8535519,8637303,8660007,8681038,8732034,8819642,8880107
WA,6742830,6826627,6897058,6963985,7054655,7163657,7294771,7423362,7523869,7614893,7726812,7744316,7786828,7838655,7927958,8001020
WV,1854239,1856301,1856872,1853914,1849489,1842050,1831023,1817004,1804291,1792147,1791670,1785921,1774003,1770036,1767402,1766147
WI,5690475,5705288,5719960,5736754,5751525,5760940,5772628,5790186,5807406,5822434,5897371,5882128,5903472,5930350,5957168,5972787
WY,564487,567299,576305,582122,582531,585613,584215,578931,577601,578759,577669,579662,581742,584666,586722,588753
