SUMLEV,REGION,DIVISION,STATE,NAME,ESTIMATESBASE2020,POPESTIMATE2020,POPESTIMATE2021,POPESTIMATE2022,POPESTIMATE2023,POPESTIMATE2024,POPESTIMATE2025,NPOPCHG_2020,NPOPCHG_2021,NPOPCHG_2022,NPOPCHG_2023,NPOPCHG_2024,NPOPCHG_2025,BIRTHS2020,BIRTHS2021,BIRTHS2022,BIRTHS2023,BIRTHS2024,BIRTHS2025,DEATHS2020,DEATHS2021,DEATHS2022,DEATHS2023,DEATHS2024,DEATHS2025,NATURALCHG2020,NATURALCHG2021,NATURALCHG2022,NATURALCHG2023,NATURALCHG2024,NATURALCHG2025,INTERNATIONALMIG2020,INTERNATIONALMIG2021,INTERNATIONALMIG2022,INTERNATIONALMIG2023,INTERNATIONALMIG2024,INTERNATIONALMIG2025,DOMESTICMIG2020,DOMESTICMIG2021,DOMESTICMIG2022,DOMESTICMIG2023,DOMESTICMIG2024,DOMESTICMIG2025,NETMIG2020,NETMIG2021,NETMIG2022,NETMIG2023,NETMIG2024,NETMIG2025,RESIDUAL2020,RESIDUAL2021,RESIDUAL2022,RESIDUAL2023,RESIDUAL2024,RESIDUAL2025,GQESTIMATESBASE2020,GQESTIMATES2020,GQESTIMATES2021,GQESTIMATES2022,GQESTIMATES2023,GQESTIMATES2024,GQESTIMATES2025,RBIRTH2021,RBIRTH2022,RBIRTH2023,RBIRTH2024,RBIRTH2025,RDEATH2021,RDEATH2022,RDEATH2023,RDEATH2024,RDEATH2025,RNATURALCHG2021,RNATURALCHG2022,RNATURALCHG2023,RNATURALCHG2024,RNATURALCHG2025,RINTERNATIONALMIG2021,RINTERNATIONALMIG2022,RINTERNATIONALMIG2023,RINTERNATIONALMIG2024,RINTERNATIONALMIG2025,RDOMESTICMIG2021,RDOMESTICMIG2022,RDOMESTICMIG2023,RDOMESTICMIG2024,RDOMESTICMIG2025,RNETMIG2021,RNETMIG2022,RNETMIG2023,RNETMIG2024,RNETMIG2025
10,0,0,0,United States,331516113,331578104,332100166,333996304,336755052,340003797,341784857,61991,522062,1896138,2758748,3248745,1781060,894123,3584459,3680380,3648896,3608217,3620461,852024,3438423,3456354,3154285,3093940,3101603,42099,146036,224026,494611,514277,518858,19892,376026,1672112,2264137,2734468,1262202,0,0,0,0,0,0,19892,376026,1672112,2264137,2734468,1262202,0,0,0,0,0,0,8305481,8169006,7879040,8187501,8341542,8433491,8439257,10.801797082,11.050591516,10.880025713,10.663228136,10.620478879,10.361716378,10.377938199,9.4052288431,9.1434046398,9.0984294966,0.4400807036,0.672653317,1.4747968694,1.5198234962,1.5220493828,1.1331574861,5.0206301198,6.7510471049,8.0810705439,3.7026195511,0,0,0,0,0,1.1331574861,5.0206301198,6.7510471049,8.0810705439,3.7026195511
20,1,0,0,Northeast Region,57617560,57436027,57234503,57174375,57458539,57940522,58042054,-181533,-201524,-60128,284164,481983,101532,146070,572863,588925,579757,574926,572507,193427,561002,564109,528693,516722,512934,-47357,11861,24816,51064,58204,59573,4433,80448,344754,510609,605435,246382,-130285,-288705,-426289,-274149,-179324,-205552,-125852,-208257,-81535,236460,426111,40830,-8324,-5128,-3409,-3360,-2332,1129,1705049,1625517,1670664,1719250,1790521,1830072,1814430,9.9914598808,10.295092659,10.1150181,9.9641365366,9.8722932314,9.7845889436,9.8612801709,9.224104693,8.9553934932,8.8450182379,0.2068709371,0.4338124879,0.8909134073,1.0087430434,1.0272749934,1.4031155171,6.0267001307,8.9085932161,10.492893005,4.2486036868,-5.035382674,-7.452026581,-4.783076525,-3.107893573,-3.544532413,-3.632267157,-1.425326451,4.1255166906,7.3849994325,0.7040712736
30,1,1,0,New England,15122087,15047713,15116021,15178293,15267275,15386901,15431980,-74374,68308,62272,88982,119626,45079,35403,139204,144796,142380,140797,141449,46227,143819,149534,143562,142128,140006,-10824,-4615,-4738,-1182,-1331,1443,1563,26730,110006,121848,135265,70763,-55434,43201,-38619,-30013,-13340,-27602,-53871,69931,71387,91835,121925,43161,-9679,2992,-4377,-1671,-968,475,509209,449361,487560,510677,520997,534806,537438,9.2298917634,9.5592856138,9.3530854803,9.1861546042,9.1793728656,9.5358883618,9.8720835864,9.4307322498,9.2729943222,9.0857289724,-0.305996598,-0.312797973,-0.077646769,-0.086839718,0.0936438932,1.7723269937,7.2624849667,8.0043177385,8.8252249873,4.5921849012,2.8644331633,-2.549587358,-1.971584173,-0.870354499,-1.791239598,4.6367601571,4.7128976084,6.0327335657,7.9548704881,2.8009453036
30,1,2,0,Middle Atlantic,42495473,42388314,42118482,41996082,42191264,42553621,42610074,-107159,-269832,-122400,195182,362357,56453,110667,433659,444129,437377,434129,431058,147200,417183,414575,385131,374594,372928,-36533,16476,29554,52246,59535,58130,2870,53718,234748,388761,470170,175619,-74851,-331906,-387670,-244136,-165984,-177950,-71981,-278188,-152922,144625,304186,-2331,1355,-8120,968,-1689,-1364,654,1195840,1176156,1183104,1208573,1269524,1295266,1276992,10.263292907,10.560097536,10.390563922,10.245550513,10.123045976,9.873359771,9.8573892626,9.1493797655,8.8405099612,8.7579102809,0.3899331363,0.702708273,1.2411841561,1.405040552,1.3651356954,1.2713297047,5.5816255554,9.2356160034,11.096126923,4.1242691501,-7.855131557,-9.217666515,-5.799826496,-3.917262971,-4.179010786,-6.583801852,-3.63604096,3.4357895069,7.1788639515,-0.054741636
20,2,0,0,Midwest Region,68999462,68979566,68867096,68872112,69132050,69518281,69762666,-19896,-112470,5016,259938,386231,244385,190006,747473,753901,744414,735192,737743,186270,762711,771578,701318,684822,691326,3736,-15238,-17677,43096,50370,46417,3082,55297,218638,314946,382875,180161,-37458,-175434,-180661,-91566,-43686,16040,-34376,-120137,37977,223380,339189,196201,10744,22905,-15284,-6538,-3328,1767,1740852,1735403,1640399,1692184,1717350,1734689,1741779,10.844992387,10.946788659,10.788283327,10.604980092,10.593595404,11.066078626,11.203462125,10.163722454,9.8784041129,9.9270720783,-0.221086239,-0.256673467,0.6245608738,0.7265759791,0.6665233257,0.8022972656,3.1746661415,4.5642971261,5.5228862021,2.5870157244,-2.545349992,-2.62323274,-1.327003457,-0.630160775,0.230325832,-1.743052726,0.5514334016,3.2372936694,4.8927254274,2.8173415564
30,2,3,0,East North Central,47381476,47353837,47203510,47163396,47315626,47555538,47693655,-27639,-150327,-40114,152230,239912,138117,127310,500297,504103,496475,490580,490449,133469,530478,537461,485626,472717,475551,-6159,-30181,-33358,10849,17863,14898,1990,37011,158278,231180,275271,129075,-31173,-172366,-154584,-85055,-50632,-7114,-29183,-135355,3694,146125,224639,121961,7703,15209,-10450,-4744,-2590,1258,1139260,1137576,1051131,1093290,1116612,1129762,1136668,10.581874722,10.683893779,10.509740459,10.342025528,10.298228983,11.220238656,11.390878917,10.280081011,9.965451673,9.9854074354,-0.638363934,-0.706985137,0.2296594476,0.3765738555,0.312821548,0.7828265317,3.3545234597,4.8937847811,5.803048859,2.710259183,-3.645745264,-3.276233302,-1.800505513,-1.067384395,-0.149376594,-2.862918732,0.0782901582,3.0932792679,4.7356644639,2.5608825893
30,2,4,0,West North Central,21617986,21625729,21663586,21708716,21816424,21962743,22069011,7743,37857,45130,107708,146319,106268,62696,247176,249798,247939,244612,247294,52801,232233,234117,215692,212105,215775,9895,14943,15681,32247,32507,31519,1092,18286,60360,83766,107604,51086,-6285,-3068,-26077,-6511,6946,23154,-5193,15218,34283,77255,114550,74240,3041,7696,-4834,-1794,-738,509,601592,597827,589268,598894,600738,604927,605111,11.41972332,11.518779889,11.392909937,11.174812897,11.232530051,10.729345105,10.795691684,9.9111456046,9.6897686518,9.8008814275,0.6903782146,0.723088205,1.4817643321,1.4850442449,1.4316486234,0.844827413,2.7833431576,3.8490858387,4.9157627874,2.3204163068,-0.141743985,-1.20247249,-0.299183414,0.3173198796,1.0516955559,0.7030834283,1.5808706672,3.5499024242,5.2330826669,3.3721118627
20,3,0,0,South Region,126281605,126473371,127380165,129066102,130894372,132662072,133833983,191766,906794,1685937,1828270,1767700,1171911,348450,1427445,1481260,1488839,1472891,1481266,314317,1404166,1415258,1268450,1256122,1258400,34133,23279,66002,220389,216769,222866,8937,155227,757942,919367,1146872,596005,154622,732442,836925,677221,398525,357790,163559,887669,1594867,1596588,1545397,953795,-5926,-4154,25068,11293,5534,-4750,3069808,3038941,3004268,3055673,3092194,3114225,3122968,11.24620931,11.552205593,11.454349018,11.17704411,11.116607336,11.062804341,11.037462284,9.7587912538,9.5320909702,9.4440422392,0.1834049694,0.5147433088,1.6955577639,1.6449531395,1.6725650967,1.2229650408,5.911117435,7.073129125,8.7030465474,4.472899233,5.7705873358,6.5270983258,5.210184376,3.0242098729,2.6851429377,6.9935523766,12.438215761,12.283313501,11.72725642,7.1580421706
30,3,5,0,South Atlantic,66098022,66176335,66686315,67671784,68680474,69586214,70198706,78313,509980,985469,1008690,905740,612492,172327,699936,728467,728106,720902,726922,168537,727706,744850,673836,666037,664595,3790,-27770,-16383,54270,54865,62327,5995,97729,475583,560519,617293,349644,77805,447313,507501,385372,229300,203812,83800,545042,983084,945891,846593,553456,-9277,-7292,18768,8529,4282,-3291,1629686,1596015,1594010,1624765,1639083,1649751,1654738,10.536234224,10.843663395,10.679779135,10.427703309,10.40057826,10.954259907,11.087534068,9.8837527135,9.6340920526,9.508822554,-0.418025683,-0.243870673,0.7960264215,0.7936112565,0.8917557058,1.4711282667,7.0793350537,8.2216313572,8.9290198374,5.0025997082,6.733464973,7.5544534163,5.6525943267,3.3167786589,2.9160799319,8.2045932397,14.63378847,13.874225684,12.245798496,7.9186796401
30,3,6,0,East South Central,19405307,19427354,19472696,19602668,19763302,19948564,20069188,22047,45342,129972,160634,185262,120624,54324,223503,227935,229537,227320,228238,56467,258569,260942,231238,228831,229519,-2143,-35066,-33007,-1701,-1511,-1281,522,7308,47001,67578,113031,50096,23105,69814,114362,93969,73356,72099,23627,77122,161363,161547,186387,122195,563,3286,1616,788,386,-290,506093,509161,475736,497611,503868,505146,507717,11.491142042,11.66643003,11.661696638,11.448467317,11.406837645,13.294018902,13.355832079,11.748116457,11.524565479,11.470859233,-1.80287686,-1.689402049,-0.086419819,-0.076098162,-0.064021587,0.3757321649,2.4056589722,3.4333207082,5.6925554694,2.5036888629,3.5894041267,5.8534067654,4.7741234371,3.6944121437,3.6033508329,3.9651362916,8.2590657377,8.2074441453,9.3869676132,6.1070396958
30,3,7,0,West South Central,40778276,40869682,41221154,41791650,42450596,43127294,43566089,91406,351472,570496,658946,676698,438795,121799,504006,524858,531196,524669,526106,89313,417891,409466,363376,361254,364286,32486,86115,115392,167820,163415,161820,2420,50190,235358,291270,416548,196265,53712,215315,215062,197880,95869,81879,56132,265505,450420,489150,512417,278144,2788,-148,4684,1976,866,-1169,934029,933765,934522,933297,949243,959328,960513,12.27922688,12.645230006,12.611154741,12.261788647,12.137166224,10.181185145,9.8651287577,8.6269304833,8.4426947194,8.4040093348,2.0980417351,2.780101248,3.9842242573,3.8190939272,3.7331568893,1.2227917864,5.6704023635,6.9150577965,9.7349443881,4.5277965447,5.2457743274,5.1814175558,4.6978804435,2.2405086174,1.8889330919,6.4685661138,10.851819919,11.61293824,11.975453005,6.4167296367
20,4,0,0,West Region,78617486,78689140,78618402,78883715,79270091,79882922,80146154,71654,-70738,265313,386376,612831,263232,209597,836678,856294,835886,825208,828945,158010,710544,705409,655824,636274,638943,51587,126134,150885,180062,188934,190002,3440,85054,350778,519215,599286,239654,13121,-268303,-229975,-311506,-175515,-168278,16561,-183249,120803,207709,423771,71376,3506,-13623,-6375,-1395,126,1854,1789772,1769145,1563709,1720394,1741477,1754505,1760080,10.637481069,10.87342845,10.570545485,10.36999532,10.359929842,9.0338198788,8.9574542036,8.2934962691,7.9957518618,7.9853363647,1.60366119,1.9159742469,2.2770492163,2.3742434584,2.374593477,1.0813721824,4.4542639386,6.5659501106,7.5309413087,2.9951307099,-3.411190545,-2.920278208,-3.93927921,-2.205613286,-2.103092815,-2.329818363,1.5339857305,2.6266709004,5.3253280225,0.8920378944
30,4,8,0,Mountain,24928332,25006940,25284969,25554105,25829773,26153377,26346149,78608,278029,269136,275668,323604,192772,68891,276996,282650,280129,279591,285113,54956,241496,250419,222898,220909,223624,13935,35500,32231,57231,58682,61489,1020,21407,87626,145878,185588,67811,64719,220677,148323,73506,78773,62734,65739,242084,235949,219384,264361,130545,-1066,445,956,-947,561,738,523881,520413,490001,511420,518598,525670,526242,11.015529357,11.119400011,10.903381018,10.756985677,10.861545683,9.6037714536,9.8514382854,8.6757951589,8.4992540852,8.519086439,1.4117579032,1.2679617257,2.2275858587,2.2577315919,2.3424592443,0.8513098996,3.4471910326,5.6779677081,7.1403137363,2.583299514,8.775845037,5.8350000631,2.861053033,3.0307128368,2.3898882439,9.6271549366,9.2821910958,8.5390207411,10.171026573,4.9731877579
30,4,9,0,Pacific,53689154,53682200,53333433,53329610,53440318,53729545,53800005,-6954,-348767,-3823,110708,289227,70460,140706,559682,573644,555757,545617,543832,103054,469048,454990,432926,415365,415319,37652,90634,118654,122831,130252,128513,2420,63647,263152,373337,413698,171843,-51598,-488980,-378298,-385012,-254288,-231012,-49178,-425333,-115146,-11675,159410,-59169,4572,-14068,-7331,-448,-435,1116,1265891,1248732,1073708,1208974,1222879,1228835,1233838,10.459817586,10.756190408,10.410365735,10.182284174,10.115024196,8.7659716034,8.531352326,8.1095118843,7.7515261916,7.7247417105,1.6938459823,2.2248380819,2.3008538509,2.4307579828,2.3902824851,1.1894897636,4.9342676263,6.9932987123,7.7204166996,3.1962004863,-9.138477927,-7.093328474,-7.21199325,-4.745513205,-4.296716577,-7.948988163,-2.159060847,-0.218694537,2.974903495,-1.100516091
40,3,6,1,Alabama,5025437,5032962,5050058,5076868,5117850,5163055,5193088,7525,17096,26810,40982,45205,30033,13899,57327,58251,58640,57648,57680,15121,69137,67263,60111,59508,59868,-1222,-11810,-9012,-1471,-1860,-2188,134,1808,8391,12621,22102,8946,9450,25795,27718,29774,24953,23358,9584,27603,36109,42395,47055,32304,-837,1303,-287,58,10,-83,129053,132345,132684,139735,142803,145212,145596,11.370997975,11.504182019,11.503996481,11.214576927,11.13928226,13.713550107,13.283991608,11.792577293,11.576412777,11.561833397,-2.342552132,-1.779809589,-0.288580812,-0.36183585,-0.422551137,0.3586227142,1.6571662516,2.4759880558,4.2996214827,1.727670234,5.1165226291,5.4741191947,5.8410639706,4.8542419174,4.5109458222,5.4751453434,7.1312854463,8.3170520264,9.1538634002,6.2386160562
40,4,9,2,Alaska,733383,732906,734590,733659,734654,736537,737270,-477,1684,-931,995,1883,733,2408,9460,9392,9130,9037,8867,1193,5431,6470,5616,5620,5559,1215,4029,2922,3514,3417,3308,63,873,1976,2335,2608,1959,-1697,-3043,-5909,-4913,-4183,-4525,-1634,-2170,-3933,-2578,-1575,-2566,-58,-175,80,59,41,-9,30294,30222,30251,30764,31709,31493,31431,12.892709759,12.793470317,12.436040544,12.285284508,12.032783126,7.4017237526,8.8132190112,7.6495951476,7.6400684887,7.5437285886,5.4909860061,3.9802513061,4.7864453969,4.6452160189,4.489054537,1.1897817779,2.6916415404,3.1805207745,3.5454268005,2.6584213537,-4.147200401,-8.049043452,-6.692033647,-5.686549197,-6.140559788,-2.957418623,-5.357401912,-3.511512872,-2.141122397,-3.482138435
40,4,8,4,Arizona,7158104,7186647,7274022,7370065,7452073,7556424,7623818,28543,87375,96043,82008,104351,67394,18108,75661,79135,78678,78372,78926,18083,80332,79842,70826,69279,71277,25,-4671,-707,7852,9093,7649,249,8016,26676,39747,60743,28219,29864,84233,68315,34804,34303,31107,30113,92249,94991,74551,95046,59326,-1595,-203,1759,-395,212,419,166868,165768,151002,161389,163528,166157,166962,10.464384462,10.807775179,10.616282212,10.443684001,10.398516703,11.110412665,10.904332923,9.5567859374,9.2319703965,9.3907593832,-0.646028202,-0.096557744,1.0594962751,1.2117136046,1.0077573203,1.1086624001,3.6432452225,5.3631938928,8.0944814128,3.7178590434,11.649945103,9.3300456355,4.6962185887,4.5711439327,4.0983536363,12.758607503,12.973290858,10.059412482,12.665625345,7.8162126796
40,3,7,5,Arkansas,3011530,3014399,3027127,3047429,3069856,3096080,3114791,2869,12728,20302,22427,26224,18711,8518,34950,36160,35330,35272,35414,8462,40142,40393,36406,36294,36638,56,-5192,-4233,-1076,-1022,-1224,95,1348,6017,5592,13244,5470,2524,16218,18583,17825,13919,14475,2619,17566,24600,23417,27163,19945,194,354,-65,86,83,-10,82491,82426,80336,82163,83707,85713,86745,11.569924552,11.905396872,11.55087592,11.440923162,11.403875559,13.288695604,13.299078978,11.90266597,11.7724219,11.798023176,-1.718771052,-1.393682106,-0.351790051,-0.331498738,-0.394147616,0.4462448726,1.9810501377,1.8282620476,4.2958603528,1.7614276645,5.3688422428,6.1183072475,5.827748748,4.5148052137,4.6611819824,5.8150871154,8.0993573851,7.6560107956,8.8106655664,6.4226096469
40,4,9,6,California,39555703,39527808,39152927,39125347,39181667,39364774,39355309,-27895,-374881,-27580,56320,183107,-9465,103116,412508,424110,410395,400854,398632,74350,344771,318097,303116,289060,288917,28766,67737,106013,107279,111794,109715,1388,44122,214150,292113,312761,109278,-62399,-470759,-344130,-343891,-241611,-229077,-61011,-426637,-129980,-51778,71150,-119799,4350,-15981,-3613,819,163,619,935458,922058,767691,878703,892034,895386,898968,10.485616333,10.835956858,10.481691972,10.206802368,10.12783485,8.7637971353,8.1273381168,7.7417330713,7.3602316367,7.3403631955,1.7218191975,2.7086187414,2.7399589007,2.8465707313,2.7874716545,1.1215451915,5.4715054141,7.4607109907,7.9637217427,2.7763690239,-11.96630916,-8.792477974,-8.783146807,-6.152054681,-5.820039595,-10.84476397,-3.32097256,-1.322435817,1.811667062,-3.043670571
40,4,8,8,Colorado,5775326,5786873,5814368,5853355,5912240,5988502,6012561,11547,27495,38987,58885,76262,24059,15563,62064,62598,62233,62517,65380,11888,46505,49604,45204,44713,44772,3675,15559,12994,17029,17804,20608,239,3917,21473,35920,53313,15356,7201,6200,5425,6008,4995,-12100,7440,10117,26898,41928,58308,3256,432,1819,-905,-72,150,195,128505,126620,116218,124625,127168,129696,130000,10.699544988,10.730114179,10.578810506,10.506403718,10.895701489,8.0172457412,8.5027729918,7.6840992742,7.5143213759,7.4613390497,2.6822992471,2.2273411873,2.8947112322,2.9920823424,3.4343624394,0.6752725851,3.6807524484,6.1059385437,8.9596094092,2.5591066391,1.0688511686,0.9299158028,1.0212828166,0.8394434566,-2.016488039,1.7441237537,4.6106682512,7.1272213602,9.7990528658,0.5426185997
40,1,1,9,Connecticut,3607750,3579643,3607765,3618707,3641369,3674449,3688496,-28107,28122,10942,22662,33080,14047,8460,33924,35611,35082,34584,34700,11936,34598,34903,33014,32883,32417,-3476,-674,708,2068,1701,2283,409,6216,22859,27669,35456,17534,-21208,20664,-11105,-6498,-3827,-5945,-20799,26880,11754,21171,31629,11589,-3832,1916,-1520,-577,-250,175,109801,88243,101847,105585,108738,111828,112481,9.4398425691,9.8557082903,9.6643616403,9.454581839,9.4255763149,9.6273927958,9.6597620526,9.0946706343,8.9895620695,8.8054440173,-0.187550227,0.1959462377,0.569691006,0.4650197695,0.6201322976,1.7296917053,6.3264619305,7.6222342576,9.6929693986,4.7627681587,5.7500562094,-3.073422273,-1.790063906,-1.046226136,-1.614842974,7.4797479147,3.2530396575,5.8321703519,8.6467432623,3.1479251848
40,3,5,10,Delaware,989950,991890,1005130,1020279,1035354,1050123,1059952,1940,13240,15149,15075,14769,9829,2577,10162,10844,10721,10422,10328,2966,11246,11508,10983,10619,10882,-389,-1084,-664,-262,-197,-554,64,939,3090,5322,6799,3473,2235,13680,12530,9872,8040,6855,2299,14619,15620,15194,14839,10328,30,-295,193,143,127,55,22713,22426,22674,23821,23735,23811,23825,10.177163974,10.707960713,10.430850254,9.9948357138,9.7892255015,11.262781545,11.363630753,10.685759569,10.183761317,10.31432532,-1.08561757,-0.65567004,-0.254909315,-0.188925603,-0.525099819,0.9404011978,3.0512355776,5.1779670788,6.5203308404,3.2918261199,13.700413616,12.37280964,9.6048273208,7.7104662387,6.4973993815,14.640814814,15.424045218,14.7827944,14.230797079,9.7892255015
40,3,5,11,District of Columbia,689544,670958,669637,674501,682559,691310,693645,-18586,-1321,4864,8058,8751,2335,2189,8504,8495,8055,7747,7336,2002,5810,5567,5050,4920,4820,187,2694,2928,3005,2827,2516,52,1745,7513,7870,6307,3915,-15396,-6258,-5029,-2706,-386,-4128,-15344,-4513,2484,5164,5921,-213,-3429,498,-548,-111,3,32,40695,21794,38600,36877,36611,37268,37232,12.686903949,12.640071183,11.871251087,11.277640008,10.593846009,8.6677930322,8.2833756653,7.442559651,7.1622549166,6.9605149626,4.0191109172,4.3566955179,4.4286914359,4.1153850913,3.6333310469,2.6033216594,11.178911689,11.598602862,9.1813702762,5.6536132943,-9.336152977,-7.482862623,-3.988032954,-0.561916748,-5.961204516,-6.732831317,3.6960490664,7.6105699085,8.6194535287,-0.307591221
40,3,5,12,Florida,21538207,21591325,21836698,22413989,22929248,23265838,23462518,53118,245373,577291,515259,336590,196680,50409,208256,222202,224378,221213,225971,56364,250266,260264,231949,229252,227304,-5955,-42010,-38062,-7571,-8039,-1333,2838,46857,287845,333449,283664,178674,61662,253220,310892,183646,58411,22517,64500,300077,598737,517095,342075,201191,-5427,-12694,16616,5735,2554,-3178,464594,470191,474513,479527,483543,487751,489404,9.5908579582,10.042872329,9.8968673101,9.5773390269,9.6716862883,11.525553443,11.763162005,10.230809062,9.9253847043,9.7287394404,-1.934695485,-1.720289676,-0.333941752,-0.348045677,-0.057053152,2.1579154087,13.009741521,14.707772187,12.281133106,7.6473480043,11.661594634,14.051397665,8.1002598028,2.5288836999,0.9637403036,13.819510043,27.061139186,22.808031989,14.810016806,8.6110883079
40,3,5,13,Georgia,10713861,10732595,10793038,10929992,11063669,11204208,11302748,18734,60443,136954,133677,140539,98540,29838,121375,125747,126265,125708,126446,24705,109407,110519,98375,97476,97815,5133,11968,15228,27890,28232,28631,732,10163,42619,52726,86526,42579,11584,37079,79102,52348,25403,27333,12316,47242,121721,105074,111929,69912,1285,1233,5,713,378,-3,257135,255966,234192,251644,252806,255471,258265,11.277252567,11.577298379,11.481944729,11.290524014,11.23617072,10.165275976,10.175284019,8.9457594168,8.75485346,8.6919794929,1.1119765909,1.4020143599,2.5361853127,2.5356705536,2.5441912269,0.9442695599,3.9238540848,4.7946542415,7.7713739841,3.7836302697,3.4451019396,7.2827777709,4.7602807009,2.2815825685,2.4288491078,4.3893714996,11.206631856,9.5549349424,10.052956553,6.2124793775
40,4,9,15,Hawaii,1455267,1451130,1446909,1437812,1434950,1434952,1432820,-4137,-4221,-9097,-2862,2,-2132,3825,15525,15726,15245,14737,14631,2858,12239,13490,12979,12704,12607,967,3286,2236,2266,2033,2024,123,2052,4598,6350,6588,4768,-4865,-9849,-15999,-11327,-8486,-8876,-4742,-7797,-11401,-4977,-1898,-4108,-362,290,68,-151,-133,-48,40754,38540,40272,39690,39899,40877,40816,10.714141528,10.902960806,10.613479293,10.270037095,10.203740046,8.4464011699,9.3527242323,9.0359034267,8.853263979,8.79219129,2.2677403582,1.550236574,1.577575866,1.4167731163,1.4115487563,1.4161300107,3.1878299496,4.4208326342,4.5910975357,3.3252294813,-6.797009978,-11.09223388,-7.885790748,-5.913790784,-6.190171325,-5.380879967,-7.904403927,-3.464958113,-1.322693249,-2.864941843
40,4,8,16,Idaho,1839123,1849328,1904855,1942951,1970497,2000872,2029733,10205,55527,38096,27546,30375,28861,5459,21845,22375,22357,22868,23695,3630,17114,18939,16829,16782,16795,1829,4731,3436,5528,6086,6900,58,699,5908,7179,8154,2148,8812,52350,28019,14713,15975,19915,8870,53049,33927,21892,24129,22063,-494,-2253,733,126,160,-102,49720,49670,50069,50068,50218,50297,50258,11.637685217,11.630004215,11.425729945,11.516431739,11.757540121,9.1172966262,9.8440513893,8.600599778,8.4514936789,8.3337364986,2.5203885905,1.7859528261,2.8251301665,3.0649380604,3.4238036225,0.3723846174,3.0708408896,3.6688873852,4.1063925311,1.0658449538,27.888890872,14.56362405,7.5192004595,8.045084705,9.8818911801,28.261275489,17.634464939,11.188087845,12.151477236,10.947736134
40,2,3,17,Illinois,12821741,12795348,12703354,12609577,12633389,12703033,12719141,-26393,-91994,-93777,23812,69644,16108,33452,131839,129746,127000,125470,125129,35327,128445,127075,116926,113529,114226,-1875,3394,2671,10074,11941,10903,507,11432,51733,94146,111121,44752,-25229,-108364,-149904,-79784,-53080,-40017,-24722,-96932,-98171,14362,58041,4735,204,1544,1723,-624,-338,470,284612,283167,287625,282941,290369,294657,296623,10.340840095,10.251361251,10.062209013,9.9043187708,9.8440833581,10.074630466,10.040322869,9.2640460713,8.9617231668,8.9863282346,0.266209629,0.2110383819,0.7981629417,0.9425956041,0.8577551235,0.8966730934,4.0874760809,7.4591868483,8.7716410786,3.520705979,-8.4995699,-11.844065,-6.3212857,-4.190015465,-3.148196531,-7.602896806,-7.756588915,1.1379011484,4.5816256139,0.3725094479
40,2,3,18,Indiana,6786605,6790290,6814223,6841491,6881373,6934754,6973333,3685,23933,27268,39882,53381,38579,19425,77620,80451,79708,79448,79648,19147,77873,79703,72091,70277,71087,278,-253,748,7617,9171,8561,342,6065,25501,29749,38414,17852,1635,15069,3966,3077,6024,12197,1977,21134,29467,32826,44438,30049,1430,3052,-2947,-561,-228,-31,179445,179414,176708,176450,176529,179125,181835,11.410919303,11.782759949,11.616817014,11.50076284,11.453480267,11.448112843,11.673208739,10.506698893,10.173183845,10.222397947,-0.03719354,0.1095512106,1.1101181211,1.3275789952,1.2310823192,0.8916158925,3.7348468194,4.3356838631,5.5607479578,2.5671395354,2.2152942924,0.5808557502,0.448448662,0.8720244103,1.7539435869,3.1069101849,4.3157025696,4.7841325251,6.4327723681,4.3210831224
40,2,4,19,Iowa,3190582,3191081,3199037,3201890,3214739,3230454,3238387,499,7956,2853,12849,15715,7933,9091,35845,36774,36415,36280,36470,8032,35466,35685,32987,32751,33521,1059,379,1089,3428,3529,2949,199,3701,9235,13275,12701,5903,-1242,2294,-6301,-3502,-427,-970,-1043,5995,2934,9773,12274,4933,483,1582,-1170,-352,-88,51,98754,98742,98734,100176,100170,100518,100589,11.21888516,11.490210715,11.350196497,11.25800267,11.275590171,11.100264502,11.1499475,10.281722693,10.162922972,10.363834882,0.1186206577,0.340263215,1.0684738045,1.0950796974,0.9117552897,1.1583510664,2.8855195505,4.1376866264,3.9412318607,1.8250564514,0.7179836116,-1.968777335,-1.091538875,-0.132501851,-0.299899163,1.876334678,0.9167422156,3.0461477514,3.8087300101,1.5251572886
40,2,4,20,Kansas,2937986,2938274,2938966,2938034,2949749,2965252,2977220,288,692,-932,11715,15503,11968,8501,34178,34404,34681,33957,34416,6984,32781,33232,30221,29122,29465,1517,1397,1172,4460,4835,4951,136,2068,6270,12815,15548,7440,-1904,-4610,-7185,-5284,-4775,-519,-1768,-2542,-915,7531,10773,6921,539,1837,-1189,-276,-105,96,86932,86885,86365,86928,86725,86850,86795,11.630629343,11.708014293,11.78066515,11.481654864,11.583058364,11.155236131,11.309171346,10.265663663,9.8468284283,9.9167484508,0.4753932118,0.3988429471,1.515001487,1.6348264354,1.6663099128,0.7037316836,2.133741705,4.3530816268,5.2571419684,2.5040084329,-1.568763569,-2.445125064,-1.794903107,-1.614539034,-0.174674782,-0.865031886,-0.311383359,2.5581785198,3.6426029345,2.329333651
40,3,6,21,Kentucky,4506287,4508271,4508348,4521238,4549953,4584046,4606864,1984,77,12890,28715,34093,22818,12636,51493,52462,52597,52350,52982,12754,58343,61378,54273,53307,53065,-118,-6850,-8916,-1676,-957,-83,119,1756,12538,23457,28210,15709,1029,3010,10343,7154,7013,7269,1148,4766,22881,30611,35223,22978,954,2161,-1075,-220,-173,-77,125354,125273,116085,120801,121147,121191,121132,11.421797905,11.620023332,11.596492677,11.462668214,11.529217455,12.94121444,13.594864704,11.966014165,11.672214985,11.547278779,-1.519416535,-1.974841371,-0.369521488,-0.209546771,-0.018061324,0.3895029833,2.7770929919,5.1717574903,6.1769220689,3.4183775056,0.6676560249,2.2909134483,1.5773011504,1.5355815125,1.581780259,1.0571590083,5.0680064402,6.7490586407,7.7125035814,5.0001577646
40,3,7,22,Louisiana,4657894,4652145,4628595,4600892,4598777,4614878,4618189,-5749,-23550,-27703,-2115,16101,3311,13562,57077,56554,56694,53942,51886,14807,56899,56822,50219,49783,49112,-1245,178,-268,6475,4159,2774,192,3182,19957,22784,29740,14900,-5162,-27184,-48131,-31283,-17659,-14387,-4970,-24002,-28174,-8499,12081,513,466,274,739,-91,-139,24,124247,124176,123683,123937,123826,124142,124214,12.30009676,12.255068998,12.325226049,11.709142572,11.239168957,12.261737749,12.313143732,10.917566708,10.806352094,10.638285198,0.0383590102,-0.058074734,1.4076593408,0.9027904778,0.6008837583,0.6857211817,4.3246173921,4.9532216866,6.4556356842,3.2275299204,-5.858153552,-10.42983212,-6.800896858,-3.833223623,-3.116407582,-5.172432371,-6.105214732,-1.847675172,2.6224120612,0.1111223389
40,1,1,23,Maine,1363218,1364546,1379009,1391585,1401992,1408438,1414874,1328,14463,12576,10407,6446,6436,2994,11592,12056,11925,11615,11783,3713,16133,17964,17066,16801,16802,-719,-4541,-5908,-5141,-5186,-5019,60,1012,3806,5713,6512,4040,1798,18101,14422,9859,5189,7406,1858,19113,18228,15572,11701,11446,189,-109,256,-24,-69,9,37311,37305,38631,42257,43341,43039,44469,8.4503500021,8.7028269028,8.5374414237,8.2656390659,8.3469343806,11.760653605,12.967616331,12.218027282,11.956177524,11.902333146,-3.310303602,-4.264789428,-3.680585858,-3.690538459,-3.555398766,0.7377289684,2.7474252814,4.0900966753,4.634166302,2.861887032,13.195288595,10.410763901,7.0583341716,3.6926733632,5.2463206334,13.933017563,13.158189183,11.148430847,8.3268396651,8.1082076653
40,3,5,24,Maryland,6181640,6178387,6176035,6183257,6204927,6245314,6265347,-3253,-2352,7222,21670,40387,20033,17173,67473,69100,67632,65678,65090,16944,59034,57669,54005,54060,53646,229,8439,11431,13627,11618,11444,500,9033,42021,39681,47375,20503,-5036,-21803,-45953,-31484,-18367,-12127,-4536,-12770,-3932,8197,29008,8376,1054,1979,-277,-154,-239,213,129920,130130,124439,125052,126375,127446,128222,10.922890605,11.181870288,10.918791649,10.550478501,10.405525336,9.5567400887,9.3320879546,8.718792036,8.6841692462,8.5760456622,1.3661505168,1.8497823338,2.1999996125,1.8663092546,1.8294796734,1.4623104181,6.7999040722,6.4062658417,7.6102944513,3.2776845284,-3.52958641,-7.436186474,-5.082908036,-2.950464975,-1.93866655,-2.067275992,-0.636282402,1.3233578061,4.6598294764,1.3390179783
40,1,1,25,Massachusetts,7033112,6985320,6996721,7025465,7073479,7138560,7154084,-47792,11401,28744,48014,65081,15524,17109,66440,68943,68137,67857,68055,22152,61619,63685,61772,61060,59636,-5043,4821,5258,6365,6797,8419,908,16475,73597,77588,77957,40240,-36863,-9433,-47954,-35360,-19195,-33340,-35955,7042,25643,42228,58762,6900,-6794,-462,-2157,-579,-478,205,248709,210351,240140,251830,257890,268188,268843,9.503619679,9.8334168439,9.6655465828,9.5492279468,9.5230805441,8.8140207857,9.0834624501,8.7626420816,8.592714951,8.3449920113,0.6895988933,0.7499543937,0.9029045012,0.9565129958,1.1780885328,2.3565944342,10.497222045,11.006214366,10.97055813,5.6308685783,-1.349302294,-6.839732407,-5.015978502,-2.701230977,-4.665336938,1.00729214,3.6574896382,5.9902358645,8.2693271528,0.9655316399
40,2,3,26,Michigan,10079362,10072294,10042362,10043906,10062124,10099962,10127884,-7068,-29932,1544,18218,37838,27922,26565,102703,104377,100955,99603,99680,31059,115213,117925,106173,103436,104678,-4494,-12510,-13548,-5218,-3833,-4998,409,7044,26316,41616,50486,30706,-4896,-28290,-9107,-17137,-8065,1796,-4487,-21246,17209,24479,42421,32502,1913,3824,-2117,-1043,-750,418,223758,223635,197028,215344,218020,219011,219043,10.211758034,10.392871389,10.042260954,9.8802276709,9.8557206734,11.45562718,11.741852693,10.561309219,10.260446265,10.349890937,-1.243869147,-1.348981304,-0.519048266,-0.380218594,-0.494170264,0.7003848338,2.6202976083,4.1396536263,5.0080135557,3.036012831,-2.812874354,-0.906788658,-1.704662731,-0.800016427,0.1775769897,-2.11248952,1.7135089505,2.4349908958,4.2079971289,3.2135898207
40,2,4,27,Minnesota,5706733,5710562,5714055,5727565,5752998,5797405,5830405,3829,3493,13510,25433,44407,33000,16435,62936,64525,62997,61344,62576,12761,51365,53415,49962,49730,50505,3674,11571,11110,13035,11614,12071,295,5523,20302,24846,33360,12486,-1445,-14970,-17106,-11777,-204,8300,-1150,-9447,3196,13069,33156,20786,1305,1369,-796,-671,-363,143,138575,138609,133187,140251,141192,142780,142689,11.017612232,11.278997205,10.974548896,10.621967043,10.763161765,8.9919863397,9.3369645208,8.7037543368,8.6109549598,8.686932449,2.0256258919,1.9420326842,2.2707945595,2.0110120833,2.0762293158,0.9668595455,3.5487981597,4.328359158,5.776421827,2.1476099111,-2.62065678,-2.990136012,-2.051641544,-0.035323443,1.4276119063,-1.653797235,0.5586621475,2.2767176139,5.7410983842,3.5752218173
40,3,6,28,Mississippi,2961264,2958385,2947603,2941237,2942470,2950172,2954160,-2879,-10782,-6366,1233,7702,3988,8509,35080,34994,35099,33926,33168,9674,41695,40681,35712,35909,35775,-1165,-6615,-5687,-613,-1983,-2607,61,633,5945,5371,14743,7451,-2102,-5392,-6015,-3356,-5106,-917,-2041,-4759,-70,2015,9637,6534,327,592,-609,-169,48,61,93662,93572,90196,90825,90721,87448,87499,11.87946877,11.884853384,11.930913623,11.514699179,11.235140571,14.11956814,13.816303381,12.139285658,12.187741933,12.118220994,-2.24009937,-1.931449997,-0.208372035,-0.673042754,-0.883080423,0.2143587153,2.0190733659,1.8257197376,5.0038675351,2.5239095634,-1.825943432,-2.042847148,-1.140777404,-1.733008725,-0.310619389,-1.611584717,-0.023773782,0.6849423331,3.27085881,2.2132901741
40,2,4,29,Missouri,6154913,6155074,6172551,6179285,6205956,6243544,6270541,161,17477,6734,26671,37588,26997,17212,68744,68867,68355,67693,68377,16738,75371,75703,68565,66472,68200,474,-6627,-6836,-210,1221,177,271,3860,11263,17573,24076,12665,-783,17735,3624,9682,12385,14028,-512,21595,14887,27255,36461,26693,199,2509,-1317,-374,-94,127,168991,165294,164830,163723,162928,163748,164317,11.152837631,11.150892871,11.038138055,10.87481425,10.928006322,12.227983898,12.257772853,11.072049385,10.678661794,10.899718198,-1.075146267,-1.106879981,-0.03391133,0.1961524559,0.0282881249,0.6262357916,1.8236964934,2.8377324268,3.8677858549,2.0241192225,2.8772776589,0.5867953558,1.5634738153,1.9896381381,2.2419537665,3.5035134505,2.4104918491,4.4012062422,5.8574239929,4.266072989
40,4,8,30,Montana,1084221,1087156,1106416,1121533,1130612,1137557,1144694,2935,19260,15117,9079,6945,7137,2824,10851,11210,11027,11294,11348,2535,12271,12991,11433,11517,11438,289,-1420,-1781,-406,-223,-90,42,712,798,412,1929,899,2715,20693,15474,9017,5263,6348,2757,21405,16272,9429,7192,7247,-111,-725,626,56,-24,-20,29285,29261,29271,29239,29265,29332,29282,9.8934523234,10.063066973,9.7924423161,9.9586935541,9.944567885,11.188144269,11.661846838,10.152987485,10.155327932,10.023437387,-1.294691945,-1.598779864,-0.360545169,-0.196634378,-0.078869502,0.6491694825,0.7163539201,0.3658734229,1.7009314562,0.787818693,18.866943962,13.890802707,8.0074773161,4.6407476692,5.5629288803,19.516113444,14.607156627,8.373350739,6.3416791253,6.3507475733
40,2,4,31,Nebraska,1961980,1963318,1964697,1972595,1988172,2005591,2018006,1338,1379,7898,15577,17419,12415,6056,24399,24223,24579,24446,24396,4464,19547,19432,18435,18438,18260,1592,4852,4791,6144,6008,6136,97,1581,8356,10738,13082,6599,-762,-5817,-4533,-1074,-1540,-366,-665,-4236,3823,9664,11542,6233,411,763,-716,-231,-131,46,49964,49965,46334,46832,47451,47912,47651,12.423068649,12.304396016,12.411232471,12.242088476,12.126462963,9.9526096514,9.8707436482,9.3088030677,9.2333971745,9.0764557186,2.4704589977,2.4336523682,3.1024294032,3.0086913019,3.0500072448,0.8049867427,4.2445416799,5.4221821178,6.551214982,3.2801495776,-2.961801317,-2.302597826,-0.542319202,-0.771202497,-0.181926769,-2.156814574,1.9419438538,4.8798629154,5.7800124845,3.0982228091
40,4,8,32,Nevada,3105593,3116851,3148472,3177672,3211077,3253543,3282188,11258,31621,29200,33405,42466,28645,8153,33340,33523,32747,31894,32511,6990,32360,33461,29391,29163,29460,1163,980,62,3356,2731,3051,137,3613,9198,22304,23171,10551,10328,26050,20116,8165,16473,14914,10465,29663,29314,30469,39644,25465,-370,978,-176,-420,91,129,37936,37590,36207,35701,36020,36254,36237,10.642707487,10.598241203,10.251459245,9.867246644,9.9486958689,10.329874453,10.578640006,9.2008623284,9.0223400602,9.0150589123,0.3128330335,0.0196011978,1.0505969165,0.8449065838,0.9336369566,1.153332398,2.9079325415,6.9822746206,7.1685574713,3.2287130544,8.3156127785,6.3596402485,2.5560559665,5.0963552382,4.5638353231,9.4689451765,9.26757279,9.5383305871,12.264912709,7.7925483775
40,1,1,33,New Hampshire,1377573,1378752,1387907,1396647,1401530,1408518,1415342,1179,9155,8740,4883,6988,6824,2993,12067,12328,12098,11794,11911,3492,13729,14712,14334,14214,14078,-499,-1662,-2384,-2236,-2420,-2167,88,1542,1395,2847,4028,2403,1285,8626,9899,4458,5425,6554,1373,10168,11294,7305,9453,8957,305,649,-170,-186,-45,34,42766,42774,37227,41539,41990,42727,42669,8.7231567027,8.8545598326,8.6470584241,8.394162662,8.4359706218,9.9246058152,10.566862772,10.245241813,10.116553169,9.9707492581,-1.201449112,-1.71230294,-1.598183389,-1.722390507,-1.534778636,1.1147018841,1.001955789,2.0348962914,2.8668549434,1.7019257329,6.2356799302,7.1099357384,3.1863602624,3.8611440089,4.6418731807,7.3503818143,8.1118915273,5.2212565538,6.7279989523,6.3437989135
40,1,2,34,New Jersey,9289024,9270476,9266509,9298402,9395315,9506354,9548215,-18548,-3967,31893,96913,111039,41861,24693,97972,102595,102445,101187,100999,34022,84115,82755,77211,75593,74976,-9329,13857,19840,25234,25594,26023,903,14747,76031,114014,121069,53064,-11063,-34314,-62174,-41714,-35501,-37428,-10160,-19567,13857,72300,85568,15636,941,1743,-1804,-621,-123,202,180393,178537,165010,168185,173660,174621,175831,10.570435268,11.052571165,10.960367058,10.706673575,10.601026977,9.0753701317,8.9152056802,8.2606364481,7.998552932,7.8696085962,1.495065136,2.1373654848,2.69973061,2.7081206427,2.7314183805,1.5910893816,8.1908283859,12.198109129,12.810403145,5.5696877741,-3.702220183,-6.69801218,-4.462889858,-3.756387862,-3.928506596,-2.111130801,1.4928162058,7.7352192718,9.054015283,1.6411811781
40,4,8,35,New Mexico,2117492,2118446,2117300,2112859,2119349,2126774,2125498,954,-1146,-4441,6490,7425,-1276,5331,21417,21427,21582,20942,20235,5559,24722,25472,22367,22167,22120,-228,-3305,-4045,-785,-1225,-1885,159,2260,4826,9044,10577,2879,718,-978,-4615,-1524,-1874,-2267,877,1282,211,7520,8703,612,305,877,-607,-245,-53,-3,42834,42800,42878,42997,43093,43139,43078,10.112504385,10.130588472,10.198931622,9.8640571646,9.5172651232,11.67303233,12.043046136,10.569896376,10.44105411,10.403849989,-1.560527945,-1.912457664,-0.370964754,-0.576996945,-0.886584866,1.0671083677,2.2817109239,4.2738920204,4.9819564812,1.3540996437,-0.461784064,-2.18195108,-0.720191446,-0.882687572,-1.066253523,0.6053243041,0.0997598435,3.5537005743,4.0992689095,0.2878461209
40,1,2,36,New York,20203696,20122262,19835345,19713025,19786543,20001419,20002427,-81434,-286917,-122320,73518,214876,1008,53088,205539,209944,205879,205405,203078,72825,177237,176586,166689,161811,160263,-19737,28302,33358,39190,43594,42815,1341,28772,121570,211383,290637,95634,-60244,-326190,-284910,-177852,-119231,-137586,-58903,-297418,-163340,33531,171406,-41952,-2794,-17801,7662,797,-124,145,611265,593360,586828,607715,659422,682207,663508,10.287853324,10.617074737,10.424367173,10.324982214,10.152923796,8.8712519746,8.9301278409,8.4400416734,8.1336661576,8.0123796097,1.4166013495,1.6869468957,1.9843254995,2.1913160569,2.1405441867,1.4401262818,6.1479145664,10.703053765,14.609293132,4.7812402837,-16.32680355,-14.40817915,-9.005263045,-5.993320291,-6.878638619,-14.88667727,-8.260264582,1.6977907201,8.6159728412,-2.097398335
40,3,5,37,North Carolina,10441392,10450215,10565503,10705768,10871849,11052061,11197968,8823,115288,140265,166081,180212,145907,28679,116720,121548,121274,121444,123046,25884,115540,118289,108957,107905,107917,2795,1180,3259,12317,13539,15129,680,9926,37814,53771,82899,46890,8788,103627,98454,98929,83059,84064,9468,113553,136268,152700,165958,130954,-3440,555,738,1064,715,-176,287470,270402,276647,279730,286055,289558,289323,11.107876495,11.428372099,11.240722273,11.078680765,11.060300191,10.995579594,11.121949412,10.099076279,9.8435908558,9.7003918512,0.1122969008,0.3064226863,1.1416459936,1.2350899087,1.3599083399,0.944626303,3.5554057865,4.9839609258,7.5624284172,4.2148259672,9.8618567303,9.2569926828,9.169594585,7.5770243538,7.5563047581,10.806483033,12.812398469,14.153555511,15.139452771,11.771130725
40,2,4,38,North Dakota,779136,779612,777977,780191,787071,793387,799358,476,-1635,2214,6880,6316,5971,2560,10010,9761,9729,9583,9760,1768,7831,7368,6936,6905,7130,792,2179,2393,2793,2678,2630,30,453,2554,3158,4083,2810,-447,-3878,-2744,930,-423,512,-417,-3425,-190,4088,3660,3322,101,-389,11,-1,-22,19,26239,26223,27821,28855,30056,30884,30876,12.853198116,12.528815891,12.415282193,12.126864491,12.255571356,10.05528416,9.4572600644,8.8511046653,8.7379734229,8.9530966978,2.7979139555,3.0715558271,3.5641775274,3.3888910683,3.3024746585,0.5816682064,3.2782087682,4.0299579777,5.166856696,3.5284995401,-4.979490739,-3.52208491,1.186783065,-0.535287872,0.6429152187,-4.397822532,-0.243876142,5.2167410427,4.6315688237,4.1714147588
40,2,3,39,Ohio,11799445,11798534,11761443,11764950,11808390,11860621,11900510,-911,-37091,3507,43440,52231,39889,32332,128188,128825,128738,126625,126825,33790,146978,149201,131764,127985,127554,-1458,-18790,-20376,-3026,-1360,-729,518,9281,35678,47116,55855,28505,-2750,-32482,-6882,1045,-1339,11926,-2232,-23201,28796,48161,54516,40431,2779,4900,-4913,-1695,-925,187,299634,299586,263469,280558,290476,292229,294510,10.881844239,10.951530054,10.92233854,10.699644358,10.67499691,12.476922197,12.683712289,11.179069237,10.814562552,10.736357625,-1.595077958,-1.732182235,-0.256730697,-0.114918194,-0.061360716,0.7878615501,3.0330191288,3.9973970596,4.7196733315,2.3992965655,-2.757388091,-0.58504506,0.0886594772,-0.113143722,1.0038242708,-1.969526541,2.447974069,4.0860565367,4.6065296095,3.4031208363
40,3,7,40,Oklahoma,3959354,3965243,3992760,4025327,4062716,4097758,4123288,5889,27517,32567,37389,35042,25530,11614,47619,48353,48864,47829,48603,10355,50871,51596,45126,44917,46044,1259,-3252,-3243,3738,2912,2559,178,2179,11013,11204,18700,8420,3848,26921,25770,22671,13542,14492,4026,29100,36783,33875,32242,22912,604,1669,-973,-224,-112,59,117288,117223,117465,117195,117261,117257,117198,11.967575282,12.060981628,12.083021814,11.722113201,11.824042829,12.784865751,12.869902759,11.158694384,11.008429167,11.201494311,-0.817290468,-0.80892113,0.92432743,0.7136840336,0.6225485175,0.547624825,2.7470392876,2.770509504,4.5830671111,2.0484011402,6.7657677435,6.4279671697,5.6060532814,3.3189248566,3.5255854304,7.3133925685,9.1750064573,8.3765627853,7.9019919676,5.5739865706
40,4,9,41,Oregon,4237282,4243544,4254691,4245964,4250392,4265324,4273586,6262,11147,-8727,4428,14932,8262,10277,39632,40461,38822,38840,38334,9543,41866,46314,43482,42526,42098,734,-2234,-5853,-4660,-3686,-3764,177,2610,6900,16833,20580,9636,5484,9670,-8946,-7370,-1736,2228,5661,12280,-2046,9463,18844,11864,-133,1101,-828,-375,-226,162,96917,95436,94281,103592,103344,104966,105802,9.3271132182,9.5195017325,9.1385059666,9.1219575665,8.9786635531,9.8528694488,10.896572088,10.23544682,9.9876510677,9.8602749063,-0.525756231,-1.377070355,-1.096940853,-0.865693501,-0.881611353,0.6142451933,1.6234043141,3.9624045885,4.8334162389,2.2569625397,2.2757666739,-2.104778985,-1.734861392,-0.407716744,0.5218464652,2.8900118672,-0.481374671,2.2275431962,4.4256994949,2.7788090049
40,1,2,42,Pennsylvania,13002753,12995576,13016628,12984655,13009406,13045848,13059432,-7177,21052,-31973,24751,36442,13584,32886,130148,131590,129053,127537,126981,40353,155831,155234,141231,137190,137689,-7467,-25683,-23644,-12178,-9653,-10708,626,10199,37147,63364,58464,26921,-3544,28598,-40586,-24570,-11252,-2936,-2918,38797,-3439,38794,47212,23985,3208,7938,-4890,-1865,-1117,307,404182,404259,431266,432673,436442,438438,437653,10.00668763,10.12180822,9.9294219553,9.7897337712,9.7283767881,11.981376126,11.940487706,10.866405215,10.530697571,10.548747227,-1.974688496,-1.818679486,-0.936983259,-0.740963799,-0.820370438,0.784170384,2.8573205407,4.8752674698,4.4876937296,2.0624946371,2.1988140644,-3.121845949,-1.890431818,-0.86370296,-0.224935339,2.9829844484,-0.264525408,2.9848356515,3.6239907698,1.8375592983
40,1,1,44,Rhode Island,1097357,1096487,1097381,1098275,1101183,1110415,1114521,-870,894,894,2908,9232,4106,2544,10025,10449,10049,9908,10021,3379,11305,11068,10543,10299,10325,-835,-1280,-619,-494,-391,-304,77,1070,6948,6846,10063,5923,-394,405,-4992,-3254,-364,-1551,-317,1475,1956,3592,9699,4372,282,699,-443,-190,-76,38,45739,45794,44893,44545,44067,44041,44018,9.1391095544,9.5178844045,9.1377057439,8.9600370411,9.0078995531,10.305998355,10.081725006,9.5869073199,9.3136275218,9.2811658403,-1.166888801,-0.563840602,-0.449201576,-0.353590481,-0.273266287,0.9754461071,6.3288602586,6.2251700192,9.1002071805,5.3241980893,0.3692109097,-4.547160393,-2.958910786,-0.329173747,-1.394197406,1.3446570167,1.7816998656,3.266259233,8.7710334337,3.9300006832
40,3,5,45,South Carolina,5118250,5131992,5194346,5288957,5390798,5490316,5570274,13742,62354,94611,101841,99518,79958,13527,55879,57655,58198,58035,59681,14085,65049,64806,59063,58560,59117,-558,-9170,-7151,-865,-525,564,337,4026,15365,21668,32760,12930,14790,68406,83341,79536,66367,66622,15127,72432,98706,101204,99127,79552,-827,-908,3056,1502,916,-158,138433,136508,135263,140130,140384,140645,140698,10.822616885,10.999395897,10.898751891,10.667106328,10.791648547,12.598657917,12.363660575,11.060740626,10.7636038,10.689664837,-1.776041032,-1.364264679,-0.161988735,-0.096497473,0.1019837097,0.7797536745,2.9313280366,4.0577709882,6.0214422898,2.3380307922,13.248840005,15.899759837,14.894723709,12.198567169,12.046735301,14.02859368,18.831087874,18.952494697,18.220009459,14.384766093
40,2,4,46,South Dakota,886656,887808,896303,909156,917739,927110,935094,1152,8495,12853,8583,9371,7984,2841,11064,11244,11183,11309,11299,2054,9872,9282,8586,8687,8694,787,1192,1962,2597,2622,2605,64,1100,2380,1361,4754,3183,298,6178,8168,4514,1930,2169,362,7278,10548,5875,6684,5352,3,25,343,111,65,27,32137,32109,31997,32129,32216,32235,32194,12.402815744,12.455558393,12.242630255,12.26008199,12.135082945,11.066576015,10.282149858,9.3995549826,9.4175729287,9.3373228712,1.3362397295,2.1734085349,2.8430752725,2.8425090617,2.7977600735,1.2331071329,2.6364486815,1.4899597404,5.1538093362,3.4185298711,6.925578061,9.0481146346,4.9417180517,2.0923121621,2.3294977349,8.1586851939,11.684563316,6.4316777921,7.2461214983,5.748027606
40,3,6,47,Tennessee,6912319,6927736,6966687,7063325,7153029,7251291,7315076,15417,38951,96638,89704,98262,63785,19280,79603,82228,83201,83396,84408,18918,89394,91620,81142,80107,80811,362,-9791,-9392,2059,3289,3597,208,3111,20127,26129,47976,17990,14728,46401,82316,60397,46496,42389,14936,49512,102443,86526,94472,60379,119,-770,3587,1119,501,-191,158024,157971,136771,146250,149197,151295,153490,11.458266385,11.721729105,11.704970205,11.579303987,11.589437504,12.867608824,13.060573291,11.415303811,11.122635432,11.095560067,-1.409342439,-1.338844186,0.2896663941,0.456668555,0.493877437,0.4478055692,2.8691351084,3.6759073388,6.6613349329,2.4700736979,6.6790826794,11.734273641,8.4968339984,6.4558410255,5.820119732,7.1268882486,14.60340875,12.172741337,13.117175958,8.2901934298
40,3,7,48,Texas,29149498,29237895,29572672,30118002,30719247,31318578,31709821,88397,334777,545330,601245,599331,391243,88105,364360,383791,390308,387626,390203,55689,269979,260655,231625,230260,232492,32416,94381,123136,158683,157366,157711,1955,43481,198371,251690,354864,167475,52502,199360,218840,188667,86067,67299,54457,242841,417211,440357,440931,234774,1524,-2445,4983,2205,1034,-1242,610003,609940,613038,610002,624449,632216,632356,12.390970487,12.859328745,12.831217927,12.49644068,12.381815378,9.1813092025,8.7335251065,7.6145783646,7.4232131768,7.377372857,3.2096612842,4.1258036389,5.2166395624,5.0732275027,5.0044425212,1.4786798434,6.6466329397,8.2742071391,11.440246334,5.3142711113,6.779733989,7.3324687203,6.2023514574,2.7746620711,2.1355135484,8.2584138323,13.97910166,14.476558597,14.214908405,7.4497846598
40,4,8,49,Utah,3271601,3283970,3339874,3393928,3449259,3502983,3538904,12369,55904,54054,55331,53724,35921,11868,45687,46261,45440,45668,46948,4967,22007,23362,21147,21529,21987,6901,23680,22899,24293,24139,24961,119,2056,18314,30456,26691,7501,4652,30249,13235,547,2867,3343,4771,32305,31549,31003,29558,10844,697,-81,-394,35,27,116,55440,55415,50861,53510,55486,56977,56618,13.794708933,13.739934735,13.280361913,13.137632436,13.333925978,6.6447820933,6.9387249581,6.1804536395,6.1933977557,6.2446330082,7.1499268401,6.8012097772,7.0999082737,6.94423468,7.0892929693,0.6207875669,5.4394233748,8.9011158105,7.6783863393,2.1303948785,9.1333672713,3.9309145116,0.1598670327,0.8247699088,0.9494614157,9.7541548382,9.3703378864,9.0609828432,8.503156248,3.0798562942
40,1,1,50,Vermont,643077,642965,647238,647614,647722,646521,644663,-112,4273,376,108,-1201,-1858,1303,5156,5409,5089,5039,4979,1555,6435,7202,6833,6871,6748,-252,-1279,-1793,-1744,-1832,-1769,21,415,1401,1185,1249,623,-52,4838,1111,782,-568,-726,-31,5253,2512,1967,681,-103,171,299,-343,-115,-50,14,24883,24894,24822,24921,24971,24983,24958,7.9925407087,8.3546227677,7.8574207773,7.7867911976,7.7123012677,9.9751744493,11.124051243,10.550158414,10.617789704,10.452421963,-1.982633741,-2.769428475,-2.692737637,-2.830998506,-2.740120695,0.6433096187,2.1639538727,1.8296411124,1.9300857721,0.9650057622,7.499595025,1.7160262331,1.2074087341,-0.877733161,-1.124549251,8.1429046437,3.8799801058,3.0370498465,1.0523526108,-0.159543489
40,3,5,51,Virginia,8631419,8637303,8660007,8681038,8732034,8819642,8880107,5884,22704,21031,50996,87608,60465,23617,94434,95761,94600,93837,92070,19727,83773,86290,79649,78487,78253,3890,10661,9471,14951,15350,13817,756,14313,38044,44282,69854,40436,-26,-3666,-26089,-8117,2461,6268,730,10647,11955,36165,72315,46704,1264,1396,-395,-120,-57,-56,236676,236570,235765,235952,237454,235715,235709,10.918923231,11.044432443,10.86540043,10.69265408,10.403537361,9.6862460117,9.9521107292,9.148184766,8.9435333697,8.8422722831,1.2326772198,1.0923217142,1.7172156642,1.7491207108,1.5612650778,1.6549394097,4.3877401852,5.0860640788,7.9598096501,4.5691043415,-0.423880939,-3.008930546,-0.932288111,0.2804290599,0.7082586312,1.2310584709,1.3788096392,4.1537759678,8.24023871,5.2773629728
40,4,9,53,Washington,7707519,7726812,7744316,7786828,7838655,7927958,8001020,19293,17504,42512,51827,89303,73062,21080,82557,83955,82165,82149,83368,15110,64741,70619,67733,65455,66138,5970,17816,13336,14432,16694,17230,669,13990,35528,55706,71161,46202,11879,-14999,-3314,-17511,1728,9238,12548,-1009,32214,38195,72889,55440,775,697,-3038,-800,-280,392,162468,162476,141213,156225,155893,156113,156821,10.672395704,10.811180426,10.516794905,10.420627436,10.467463763,8.3692669339,9.0938568337,8.6695560067,8.3029880926,8.3041109103,2.3031287699,1.7173235919,1.8472388982,2.1176393433,2.1633528529,1.8085300568,4.5750654298,7.1301475929,9.0267960532,5.8009999135,-1.938966571,-0.426755428,-2.241338716,0.2191973634,1.1598986451,-0.130436514,4.1483100021,4.8888088771,9.2459934166,6.9608985586
40,3,5,54,West Virginia,1793759,1791670,1785921,1774003,1770036,1767402,1766147,-2089,-5749,-11918,-3967,-2634,-1255,4318,17133,17115,16983,16818,16954,5860,27581,29938,25805,24758,24841,-1542,-10448,-12823,-8822,-7940,-7887,36,727,1272,1750,1109,244,-796,3028,253,3348,4312,6408,-760,3755,1525,5098,5421,6652,213,944,-620,-243,-115,-20,52050,52028,51917,52032,52120,52086,52060,9.5779534329,9.6153738114,9.5839803117,9.5085765461,9.5960180544,15.418755246,16.819460191,14.56248083,13.997701161,14.0600852,-5.840801813,-7.204086379,-4.978500519,-4.489124615,-4.464067146,0.4064187326,0.7146219975,0.9875737823,0.6270074557,0.1381047779,1.6927591779,0.1421378659,1.8893697276,2.4379225869,3.6269484306,2.0991779105,0.8567598634,2.8769435099,3.0649300426,3.7650532085
40,2,3,55,Wisconsin,5894323,5897371,5882128,5903472,5930350,5957168,5972787,3048,-15243,21344,26878,26818,15619,15536,59947,60704,60074,59434,59167,14146,61969,63557,58672,57490,58006,1390,-2022,-2853,1402,1944,1161,214,3189,19050,18553,19395,7260,67,-18299,7343,7744,5828,6984,281,-15110,26393,26297,25223,14244,1377,1889,-2196,-821,-349,214,151811,151774,126301,137997,141218,144740,144657,10.178191789,10.301384741,10.152932839,9.9993960051,9.9190650761,10.521500108,10.78553489,9.9159848779,9.6723302543,9.7244289689,-0.343308319,-0.484150149,0.2369479615,0.3270657508,0.1946361072,0.5414491737,3.2327586207,3.1355888233,3.2630865417,1.2171043395,-3.106923308,1.2460969318,1.3087910229,0.9805242776,1.1708342571,-2.565474134,4.4788555525,4.4443798462,4.2436108193,2.3879385966
40,4,8,56,Wyoming,576872,577669,579662,581742,584666,586722,588753,797,1993,2080,2924,2056,2031,1585,6131,6121,6065,6036,6070,1304,6185,6748,5701,5759,5775,281,-54,-627,364,277,295,17,134,433,816,1010,258,429,1880,2354,1776,771,1474,446,2014,2787,2592,1781,1732,70,33,-80,-32,-2,4,13293,13289,13495,13891,13820,13818,13807,10.595067444,10.540690406,10.399448563,10.305722784,10.32773985,10.688385604,11.620418046,9.7753101831,9.8327795743,9.825815096,-0.09331816,-1.07972764,0.6241383804,0.4729432093,0.5019247538,0.2315672871,0.7456492314,1.3991673582,1.7244499688,0.4389714796,3.2488544764,4.0537142975,3.0452466032,1.3163870554,2.5079223293,3.4804217635,4.799363529,4.4444139615,3.0408370241,2.9468938089
40,X,X,72,Puerto Rico,3285874,3281591,3262731,3220148,3203794,3202521,3184835,-4283,-18860,-42583,-16354,-1273,-17686,4545,18794,19704,18886,18291,17950,7300,33337,34146,35186,33989,32857,-2755,-14543,-14442,-16300,-15698,-14907,-1528,-4317,-28141,-54,14425,-2779,0,0,0,0,0,0,-1528,-4317,-28141,-54,14425,-2779,0,0,0,0,0,0,37599,37696,35258,37481,37551,37996,36494,5.7436049143,6.0787807392,5.8798787411,5.7103030369,5.6204789587,10.188068374,10.534208644,10.95464436,10.611092336,10.288138003,-4.44446346,-4.455427905,-5.074765619,-4.900789299,-4.667659044,-1.319311611,-8.681636662,-0.016812107,4.5033689414,-0.870156603,0,0,0,0,0,-1.319311611,-8.681636662,-0.016812107,4.5033689414,-0.870156603